pruid,prename,prfname,week_end,product_name,numtotal_atleast1dose,numtotal_1dose,numtotal_2doses,prop_atleast1dose,prop_1dose,prop_2doses,,numweekdelta_atleast1dose,numweekdelta_2doses,propweekdelta_1dose,propweekdelta_2doses
1,Canada,Canada,19-12-2020,Pfizer-BioNTech,8734,8734,0,0.068445406,0.068445406,0,,,,,
1,Canada,Canada,19-12-2020,Moderna,0,0,0,0,0,0,,,,,
1,Canada,Canada,19-12-2020,Not reported,0,0,0,0,0,0,,,,,
10,Newfoundland and Labrador,Newfoundland and Labrador,19-12-2020,Pfizer-BioNTech,972,972,0,0.186170162,0.186170162,0,,,,,
10,Newfoundland and Labrador,Newfoundland and Labrador,19-12-2020,Moderna,0,0,0,0,0,0,,,,,
10,Newfoundland and Labrador,Newfoundland and Labrador,19-12-2020,Not reported,0,0,0,0,0,0,,,,,
12,Nova Scotia,Nova Scotia,19-12-2020,Pfizer-BioNTech,1092,1092,0,0.111502413,0.111502413,0,,,,,
12,Nova Scotia,Nova Scotia,19-12-2020,Moderna,0,0,0,0,0,0,,,,,
12,Nova Scotia,Nova Scotia,19-12-2020,Not reported,0,0,0,0,0,0,,,,,
24,Quebec,Quebec,19-12-2020,Pfizer-BioNTech,4728,4728,,0.055139785,0.055139785,,,,,,
24,Quebec,Quebec,19-12-2020,Moderna,0,0,,0,0,,,,,,
24,Quebec,Quebec,19-12-2020,Not reported,0,0,,0,0,,,,,,
46,Manitoba,Manitoba,19-12-2020,Pfizer-BioNTech,894,894,0,0.064817225,0.064817225,0,,,,,
46,Manitoba,Manitoba,19-12-2020,Moderna,0,0,0,0,0,0,,,,,
46,Manitoba,Manitoba,19-12-2020,Not reported,0,0,0,0,0,0,,,,,
47,Saskatchewan,Saskatchewan,19-12-2020,Pfizer-BioNTech,1048,1048,0,0.088912946,0.088912946,0,,,,,
47,Saskatchewan,Saskatchewan,19-12-2020,Moderna,0,0,0,0,0,0,,,,,
47,Saskatchewan,Saskatchewan,19-12-2020,Not reported,0,0,0,0,0,0,,,,,
61,Northwest Territories,Northwest Territories,19-12-2020,Pfizer-BioNTech,0,0,0,0,0,0,,,,,
61,Northwest Territories,Northwest Territories,19-12-2020,Moderna,0,0,0,0,0,0,,,,,
61,Northwest Territories,Northwest Territories,19-12-2020,Not reported,0,0,0,0,0,0,,,,,
60,Yukon,Yukon,19-12-2020,Pfizer-BioNTech,0,0,0,0,0,0,,,,,
60,Yukon,Yukon,19-12-2020,Moderna,0,0,0,0,0,0,,,,,
60,Yukon,Yukon,19-12-2020,Not reported,0,0,0,0,0,0,,,,,
62,Nunavut,Nunavut,19-12-2020,Pfizer-BioNTech,0,0,0,0,0,0,,,,,
62,Nunavut,Nunavut,19-12-2020,Moderna,0,0,0,0,0,0,,,,,
62,Nunavut,Nunavut,19-12-2020,Not reported,0,0,0,0,0,0,,,,,
1,Canada,Canada,26-12-2020,Pfizer-BioNTech,33734,33734,0,0.186133902,0.186133902,0,,,,,
1,Canada,Canada,26-12-2020,Moderna,0,0,0,0,0,0,,,,,
1,Canada,Canada,26-12-2020,Not reported,0,0,0,0,0,0,,,,,
10,Newfoundland and Labrador,Newfoundland and Labrador,26-12-2020,Pfizer-BioNTech,1785,1785,0,0.341886563,0.341886563,0,,,,,
10,Newfoundland and Labrador,Newfoundland and Labrador,26-12-2020,Moderna,0,0,0,0,0,0,,,,,
10,Newfoundland and Labrador,Newfoundland and Labrador,26-12-2020,Not reported,0,0,0,0,0,0,,,,,
11,Prince Edward Island,Prince Edward Island,26-12-2020,Pfizer-BioNTech,1152,1152,0,0.721691464,0.721691464,0,,,,,
11,Prince Edward Island,Prince Edward Island,26-12-2020,Moderna,0,0,0,0,0,0,,,,,
11,Prince Edward Island,Prince Edward Island,26-12-2020,Not reported,0,0,0,0,0,0,,,,,
12,Nova Scotia,Nova Scotia,26-12-2020,Pfizer-BioNTech,2218,2218,0,0.226476514,0.226476514,0,,,,,
12,Nova Scotia,Nova Scotia,26-12-2020,Moderna,0,0,0,0,0,0,,,,,
12,Nova Scotia,Nova Scotia,26-12-2020,Not reported,0,0,0,0,0,0,,,,,
13,New Brunswick,New Brunswick,26-12-2020,Pfizer-BioNTech,2606,2606,0,0.333471533,0.333471533,0,,,,,
13,New Brunswick,New Brunswick,26-12-2020,Moderna,0,0,0,0,0,0,,,,,
13,New Brunswick,New Brunswick,26-12-2020,Not reported,0,0,0,0,0,0,,,,,
24,Quebec,Quebec,26-12-2020,Pfizer-BioNTech,17221,17221,,0.200838036,0.200838036,,,,,,
24,Quebec,Quebec,26-12-2020,Moderna,0,0,,0,0,,,,,,
24,Quebec,Quebec,26-12-2020,Not reported,0,0,,0,0,,,,,,
46,Manitoba,Manitoba,26-12-2020,Pfizer-BioNTech,2177,2177,0,0.157837918,0.157837918,0,,,,,
46,Manitoba,Manitoba,26-12-2020,Moderna,0,0,0,0,0,0,,,,,
46,Manitoba,Manitoba,26-12-2020,Not reported,0,0,0,0,0,0,,,,,
47,Saskatchewan,Saskatchewan,26-12-2020,Pfizer-BioNTech,1783,1783,0,0.151270785,0.151270785,0,,,,,
47,Saskatchewan,Saskatchewan,26-12-2020,Moderna,0,0,0,0,0,0,,,,,
47,Saskatchewan,Saskatchewan,26-12-2020,Not reported,0,0,0,0,0,0,,,,,
48,Alberta,Alberta,26-12-2020,Pfizer-BioNTech,4792,4792,0,0.108370294,0.108370294,0,,,,,
48,Alberta,Alberta,26-12-2020,Moderna,0,0,0,0,0,0,,,,,
48,Alberta,Alberta,26-12-2020,Not reported,0,0,0,0,0,0,,,,,
61,Northwest Territories,Northwest Territories,26-12-2020,Pfizer-BioNTech,0,0,0,0,0,0,,,,,
61,Northwest Territories,Northwest Territories,26-12-2020,Moderna,0,0,0,0,0,0,,,,,
61,Northwest Territories,Northwest Territories,26-12-2020,Not reported,0,0,0,0,0,0,,,,,
60,Yukon,Yukon,26-12-2020,Pfizer-BioNTech,0,0,0,0,0,0,,,,,
60,Yukon,Yukon,26-12-2020,Moderna,0,0,0,0,0,0,,,,,
60,Yukon,Yukon,26-12-2020,Not reported,0,0,0,0,0,0,,,,,
62,Nunavut,Nunavut,26-12-2020,Pfizer-BioNTech,0,0,0,0,0,0,,,,,
62,Nunavut,Nunavut,26-12-2020,Moderna,0,0,0,0,0,0,,,,,
62,Nunavut,Nunavut,26-12-2020,Not reported,0,0,0,0,0,0,,,,,
1,Canada,Canada,02-01-2021,Pfizer-BioNTech,63100,63100,0,0.271150327,0.271150327,0,,,,,
1,Canada,Canada,02-01-2021,Moderna,1038,1038,0,0.004460444,0.004460444,0,,,,,
1,Canada,Canada,02-01-2021,Not reported,13383,13383,0,0.057508793,0.057508793,0,,,,,
10,Newfoundland and Labrador,Newfoundland and Labrador,02-01-2021,Pfizer-BioNTech,1785,1785,0,0.341886563,0.341886563,0,,,,,
10,Newfoundland and Labrador,Newfoundland and Labrador,02-01-2021,Moderna,0,0,0,0,0,0,,,,,
10,Newfoundland and Labrador,Newfoundland and Labrador,02-01-2021,Not reported,0,0,0,0,0,0,,,,,
11,Prince Edward Island,Prince Edward Island,02-01-2021,Pfizer-BioNTech,1674,1674,0,1.048707909,1.048707909,0,,,,,
11,Prince Edward Island,Prince Edward Island,02-01-2021,Moderna,0,0,0,0,0,0,,,,,
11,Prince Edward Island,Prince Edward Island,02-01-2021,Not reported,0,0,0,0,0,0,,,,,
12,Nova Scotia,Nova Scotia,02-01-2021,Pfizer-BioNTech,2720,2720,0,2.78E-01,0.277734949,0,,,,,
12,Nova Scotia,Nova Scotia,02-01-2021,Moderna,0,0,0,0,0,0,,,,,
12,Nova Scotia,Nova Scotia,02-01-2021,Not reported,0,0,0,0,0,0,,,,,
13,New Brunswick,New Brunswick,02-01-2021,Pfizer-BioNTech,2886,2886,0,0.369301169,0.369301169,0,,,,,
13,New Brunswick,New Brunswick,02-01-2021,Moderna,0,0,0,0,0,0,,,,,
13,New Brunswick,New Brunswick,02-01-2021,Not reported,0,0,0,0,0,0,,,,,
24,Quebec,Quebec,02-01-2021,Pfizer-BioNTech,28312,28312,,3.30E-01,0.330185615,,,,,,
24,Quebec,Quebec,02-01-2021,Moderna,0,0,,0,0,,,,,,
24,Quebec,Quebec,02-01-2021,Not reported,0,0,,0,0,,,,,,
46,Manitoba,Manitoba,02-01-2021,Pfizer-BioNTech,3432,3432,0,0.248828541,0.248828541,0,,,,,
46,Manitoba,Manitoba,02-01-2021,Moderna,0,0,0,0,0,0,,,,,
46,Manitoba,Manitoba,02-01-2021,Not reported,0,0,0,0,0,0,,,,,
47,Saskatchewan,Saskatchewan,02-01-2021,Pfizer-BioNTech,3545,3545,0,0.300759917,0.300759917,0,,,,,
47,Saskatchewan,Saskatchewan,02-01-2021,Moderna,0,0,0,0,0,0,,,,,
47,Saskatchewan,Saskatchewan,02-01-2021,Not reported,0,0,0,0,0,0,,,,,
48,Alberta,Alberta,02-01-2021,Not reported,13383,13383,0,0.302654349,0.302654349,0,,,,,
59,British Columbia,British Columbia,02-01-2021,Pfizer-BioNTech,18746,18746,0,0.364161787,0.364161787,0,,,,,
59,British Columbia,British Columbia,02-01-2021,Moderna,908,908,0,0.017638904,0.017638904,0,,,,,
59,British Columbia,British Columbia,02-01-2021,Not reported,0,0,0,0,0,0,,,,,
61,Northwest Territories,Northwest Territories,02-01-2021,Pfizer-BioNTech,0,0,0,0,0,0,,,,,
61,Northwest Territories,Northwest Territories,02-01-2021,Moderna,130,130,0,0.287858993,0.287858993,0,,,,,
61,Northwest Territories,Northwest Territories,02-01-2021,Not reported,0,0,0,0,0,0,,,,,
60,Yukon,Yukon,02-01-2021,Pfizer-BioNTech,0,0,0,0,0,0,,,,,
60,Yukon,Yukon,02-01-2021,Moderna,0,0,0,0,0,0,,,,,
60,Yukon,Yukon,02-01-2021,Not reported,0,0,0,0,0,0,,,,,
62,Nunavut,Nunavut,02-01-2021,Pfizer-BioNTech,0,0,0,0,0,0,,,,,
62,Nunavut,Nunavut,02-01-2021,Moderna,0,0,0,0,0,0,,,,,
62,Nunavut,Nunavut,02-01-2021,Not reported,0,0,0,0,0,0,,,,,
1,Canada,Canada,09-01-2021,Pfizer-BioNTech,160243,155757,4487,0.421652405,0.40983035,0.011822055,,,,,
1,Canada,Canada,09-01-2021,Moderna,45002,45009,0,0.118428412,0.118428412,0,,,,,
1,Canada,Canada,09-01-2021,Not reported,6275,34,0,na,na,na,,,,,
1,Canada,Canada,09-01-2021,Unknown,6241,0,0,0,0,0,,,,,
10,Newfoundland and Labrador,Newfoundland and Labrador,09-01-2021,Pfizer-BioNTech,2847,1994,853,0.545294702,0.381916978,0.163377724,,,,,
10,Newfoundland and Labrador,Newfoundland and Labrador,09-01-2021,Moderna,0,0,0,0,0,0,,,,,
10,Newfoundland and Labrador,Newfoundland and Labrador,09-01-2021,Not reported,0,0,0,0,0,0,,,,,
11,Prince Edward Island,Prince Edward Island,09-01-2021,Pfizer-BioNTech,2441,>2436,<5,1.53046202,>1.53,<0.1,,,,,
11,Prince Edward Island,Prince Edward Island,09-01-2021,Moderna,46,46,0,0.029444009,0.029444009,0,,,,,
11,Prince Edward Island,Prince Edward Island,09-01-2021,Not reported,0,0,0,0,0,0,,,,,
12,Nova Scotia,Nova Scotia,09-01-2021,Pfizer-BioNTech,2755,1679,1076,0.281308744,0.171440066,0.109868678,,,,,
12,Nova Scotia,Nova Scotia,09-01-2021,Moderna,0,0,0,0,0,0,,,,,
12,Nova Scotia,Nova Scotia,09-01-2021,Not reported,0,0,0,0,0,0,,,,,
13,New Brunswick,New Brunswick,09-01-2021,Not reported,6241,Not reported,Not reported,0.798616976,Not reported,Not reported,,,,,
24,Quebec,Quebec,09-01-2021,Pfizer-BioNTech,62416,62416,,0.727943124,0.727943124,,,,,,
24,Quebec,Quebec,09-01-2021,Moderna,20844,20844,,0.243137528,0.243137528,,,,,,
24,Quebec,Quebec,09-01-2021,Not reported,0,0,,0,0,,,,,,
24,Quebec,Quebec,09-01-2021,Unknown,34,34,,0.000396521,0.000396521,,,,,,
46,Manitoba,Manitoba,09-01-2021,Pfizer-BioNTech,8593,7713,881,0.623013885,0.559211695,0.06380219,,,,,
46,Manitoba,Manitoba,09-01-2021,Moderna,101,101,0,0.007322751,0.007322751,0,,,,,
46,Manitoba,Manitoba,09-01-2021,Not reported,0,0,0,na,na,na,,,,,
47,Saskatchewan,Saskatchewan,09-01-2021,Pfizer-BioNTech,4980,4024,953,0.422760696,0.341398563,0.081362133,,,,,
47,Saskatchewan,Saskatchewan,09-01-2021,Moderna,544,544,0,0.046238125,0.046238125,0,,,,,
47,Saskatchewan,Saskatchewan,09-01-2021,Not reported,0,0,0,na,na,na,,,,,
48,Alberta,Alberta,09-01-2021,Pfizer-BioNTech,31552,30828,724,0.713543302,0.69717016,0.016373141,,,,,
48,Alberta,Alberta,09-01-2021,Moderna,12746,12746,0,0.288248698,0.288248698,0,,,,,
48,Alberta,Alberta,09-01-2021,Not reported,0,0,0,na,na,na,,,,,
59,British Columbia,British Columbia,09-01-2021,Pfizer-BioNTech,44659,44659,0,0.867550477,0.867550477,0,,,,,
59,British Columbia,British Columbia,09-01-2021,Moderna,9695,9695,0,0.1883361,0.1883361,0,,,,,
59,British Columbia,British Columbia,09-01-2021,Not reported,0,0,0,0,0,0,,,,,
61,Northwest Territories,Northwest Territories,09-01-2021,Pfizer-BioNTech,0,0,0,0,0,0,,,,,
61,Northwest Territories,Northwest Territories,09-01-2021,Moderna,512,512,0,1.133721574,1.133721574,0,,,,,
61,Northwest Territories,Northwest Territories,09-01-2021,Not reported,0,0,0,0,0,0,,,,,
60,Yukon,Yukon,09-01-2021,Pfizer-BioNTech,0,0,0,0,0,0,,,,,
60,Yukon,Yukon,09-01-2021,Moderna,495,495,0,1.177114049,1.177114049,0,,,,,
60,Yukon,Yukon,09-01-2021,Not reported,0,0,0,0,0,0,,,,,
62,Nunavut,Nunavut,09-01-2021,Pfizer-BioNTech,0,0,0,0,0,0,,,,,
62,Nunavut,Nunavut,09-01-2021,Moderna,29,29,0,0.073691968,0.073691968,0,,,,,
62,Nunavut,Nunavut,09-01-2021,Not reported,0,0,0,0,0,0,,,,,
1,Canada,Canada,16-01-2021,Pfizer-BioNTech,288112,274774,13338,0.758084978,0.722989815,0.035095162,,,,,
1,Canada,Canada,16-01-2021,Moderna,75453,75453,0,0.19853316,0.19853316,0,,,,,
1,Canada,Canada,16-01-2021,Not reported,197158,183736,13422,0.518765334,0.48344915,0.035316185,,,,,
1,Canada,Canada,16-01-2021,Unknown,73,73,0,0.000192079,0.000192079,0,,,,,
10,Newfoundland and Labrador,Newfoundland and Labrador,16-01-2021,Pfizer-BioNTech,4208,2474,1734,0.805971236,0.47385286,0.332118375,,,,,
10,Newfoundland and Labrador,Newfoundland and Labrador,16-01-2021,Moderna,42,42,0,0.00804439,0.00804439,0,,,,,
10,Newfoundland and Labrador,Newfoundland and Labrador,16-01-2021,Not reported,0,0,0,0,0,0,,,,,
11,Prince Edward Island,Prince Edward Island,16-01-2021,Pfizer-BioNTech,3180,1785,1395,1.992169146,1.118245889,0.873923258,,,,,
11,Prince Edward Island,Prince Edward Island,16-01-2021,Moderna,1122,1122,0,0.702897416,0.702897416,0,,,,,
11,Prince Edward Island,Prince Edward Island,16-01-2021,Not reported,0,0,0,0,0,0,,,,,
12,Nova Scotia,Nova Scotia,16-01-2021,Pfizer-BioNTech,5290,3083,2207,0.540153632,0.314800312,0.225353321,,,,,
12,Nova Scotia,Nova Scotia,16-01-2021,Moderna,450,450,0,0.045948797,0.045948797,0,,,,,
12,Nova Scotia,Nova Scotia,16-01-2021,Not reported,0,0,0,0,0,0,,,,,
13,New Brunswick,New Brunswick,16-01-2021,Not reported,7918,5353,2565,1.013210898,0.684985847,0.328225051,,,,,
24,Quebec,Quebec,16-01-2021,Pfizer-BioNTech,114478,114478,,1.335087201,1.335087201,,,,,,
24,Quebec,Quebec,16-01-2021,Moderna,31235,31235,,0.364274784,0.364274784,,,,,,
24,Quebec,Quebec,16-01-2021,Unknown,73,73,,0.000851355,0.000851355,,,,,,
35,Ontario,Ontario,16-01-2021,Not reported,189240,178383,10857,1.284375052,1.210688411,0.073686641,,,,,
46,Manitoba,Manitoba,16-01-2021,Pfizer-BioNTech,15182,13038,2144,1.100732783,0.945287447,0.155445336,,,,,
46,Manitoba,Manitoba,16-01-2021,Moderna,1317,1317,0,0.095485778,0.095485778,0,,,,,
46,Manitoba,Manitoba,16-01-2021,Not reported,0,0,0,0,0,0,,,,,
47,Saskatchewan,Saskatchewan,16-01-2021,Pfizer-BioNTech,10758,9020,1738,0.912715145,0.765262187,0.147452958,,,,,
47,Saskatchewan,Saskatchewan,16-01-2021,Moderna,3552,3552,0,0.301353801,0.301353801,0,,,,,
47,Saskatchewan,Saskatchewan,16-01-2021,Not reported,0,0,0,0,0,0,,,,,
48,Alberta,Alberta,16-01-2021,Pfizer-BioNTech,64805,60730,4075,1.465554439,1.373398983,0.092155456,,,,,
48,Alberta,Alberta,16-01-2021,Moderna,17054,17054,0,0.385673411,0.385673411,0,,,,,
48,Alberta,Alberta,16-01-2021,Not reported,0,0,0,0,0,0,,,,,
59,British Columbia,British Columbia,16-01-2021,Pfizer-BioNTech,70211,70166,45,1.363926342,1.363052168,0.000874175,,,,,
59,British Columbia,British Columbia,16-01-2021,Moderna,15336,15336,0,0.297918765,0.297918765,0,,,,,
59,British Columbia,British Columbia,16-01-2021,Not reported,0,0,0,0,0,0,,,,,
61,Northwest Territories,Northwest Territories,16-01-2021,Pfizer-BioNTech,0,0,0,0,0,0,,,,,
61,Northwest Territories,Northwest Territories,16-01-2021,Moderna,1893,1893,0,4.191669804,4.191669804,0,,,,,
61,Northwest Territories,Northwest Territories,16-01-2021,Not reported,0,0,0,0,0,0,,,,,
60,Yukon,Yukon,16-01-2021,Pfizer-BioNTech,0,0,0,0,0,0,,,,,
60,Yukon,Yukon,16-01-2021,Moderna,1311,1311,0,3.117568724,3.117568724,0,,,,,
60,Yukon,Yukon,16-01-2021,Not reported,0,0,0,0,0,0,,,,,
62,Nunavut,Nunavut,16-01-2021,Pfizer-BioNTech,0,0,0,0,0,0,,,,,
62,Nunavut,Nunavut,16-01-2021,Moderna,2141,2141,0,5.440500089,5.440500089,0,,,,,
62,Nunavut,Nunavut,16-01-2021,Not reported,0,0,0,0,0,0,,,,,
1,Canada,Canada,23-01-2021,Pfizer-BioNTech,368761,344569,24192,0.970289937,0.906635554,0.063654384,,,,,
1,Canada,Canada,23-01-2021,Moderna,142623,141888,735,0.375271956,0.373338012,0.001933944,,,,,
1,Canada,Canada,23-01-2021,Unknown,22,22,0,0.00E+00,0.00E+00,0,,,,,
1,Canada,Canada,23-01-2021,Not reported,260648,226366,34282,0.685821254,0.595617899,0.090203356,,,,,
10,Newfoundland and Labrador,Newfoundland and Labrador,23-01-2021,Pfizer-BioNTech,5783,4046,1737,1.11E+00,0.774942875,0.332692974,,,,,
10,Newfoundland and Labrador,Newfoundland and Labrador,23-01-2021,Moderna,1665,1665,0,3.19E-01,0.318902592,0,,,,,
10,Newfoundland and Labrador,Newfoundland and Labrador,23-01-2021,Not reported,0,0,0,0,0,0,,,,,
11,Prince Edward Island,Prince Edward Island,23-01-2021,Pfizer-BioNTech,3828,1940,1888,2.398120595,1.215348473,1.182772122,,,,,
11,Prince Edward Island,Prince Edward Island,23-01-2021,Moderna,1391,1391,0,0.871417384,0.871417384,0,,,,,
11,Prince Edward Island,Prince Edward Island,23-01-2021,Not reported,0,0,0,0,0,0,,,,,
12,Nova Scotia,Nova Scotia,23-01-2021,Pfizer-BioNTech,7393,4685,2708,0.754887676,0.478378028,0.276509648,,,,,
12,Nova Scotia,Nova Scotia,23-01-2021,Moderna,895,895,0,0.091387051,0.091387051,0,,,,,
12,Nova Scotia,Nova Scotia,23-01-2021,Not reported,0,0,0,0,0,0,,,,,
13,New Brunswick,New Brunswick,23-01-2021,Not reported,11516,8675,2841,1.473621711,1.110078876,0.363542834,,,,,
24,Quebec,Quebec,23-01-2021,Pfizer-BioNTech,163129,163129,,1.902474188,1.902474188,,,,,,
24,Quebec,Quebec,23-01-2021,Moderna,55704,55704,,0.64964183,0.64964183,,,,,,
24,Quebec,Quebec,23-01-2021,Unknown,22,22,,0.000256573,0.000256573,,,,,,
35,Ontario,Ontario,23-01-2021,Not reported,249132,217691,31441,1.69086306,1.477472466,0.213390594,,,,,
46,Manitoba,Manitoba,23-01-2021,Pfizer-BioNTech,20335,16939,3396,1.474338107,1.228119655,0.246218451,,,,,
46,Manitoba,Manitoba,23-01-2021,Moderna,5504,5504,0,0.399053698,0.399053698,0,,,,,
46,Manitoba,Manitoba,23-01-2021,Not reported,0,0,0,0,0,0,,,,,
47,Saskatchewan,Saskatchewan,23-01-2021,Pfizer-BioNTech,16645,14180,2465,1.412171741,1.203039669,0.209132072,,,,,
47,Saskatchewan,Saskatchewan,23-01-2021,Moderna,7033,7033,0,0.59668392,0.59668392,0,,,,,
47,Saskatchewan,Saskatchewan,23-01-2021,Not reported,0,0,0,0,0,0,,,,,
48,Alberta,Alberta,23-01-2021,Pfizer-BioNTech,68100,59287,8813,1.540070323,1.340765775,0.199304549,,,,,
48,Alberta,Alberta,23-01-2021,Moderna,21457,20801,656,0.485246533,0.470411201,0.014835332,,,,,
48,Alberta,Alberta,23-01-2021,Unknown,0,0,0,0,0,0,,,,,
59,British Columbia,British Columbia,23-01-2021,Pfizer-BioNTech,83568,80383,3185,1.623400843,1.561528695,0.061872148,,,,,
59,British Columbia,British Columbia,23-01-2021,Moderna,31104,31025,79,0.604229607,0.602694945,0.001534662,,,,,
59,British Columbia,British Columbia,23-01-2021,Not reported,0,0,0,0,0,0,,,,,
61,Northwest Territories,Northwest Territories,23-01-2021,Pfizer-BioNTech,0,0,0,0,0,0,,,,,
61,Northwest Territories,Northwest Territories,23-01-2021,Moderna,9471,9471,0,20.97163482,20.97163482,0,,,,,
61,Northwest Territories,Northwest Territories,23-01-2021,Not reported,0,0,0,0,0,0,,,,,
60,Yukon,Yukon,23-01-2021,Pfizer-BioNTech,0,0,0,0,0,0,,,,,
60,Yukon,Yukon,23-01-2021,Moderna,3951,3951,0,9.395510321,9.395510321,0,,,,,
60,Yukon,Yukon,23-01-2021,Not reported,0,0,0,0,0,0,,,,,
62,Nunavut,Nunavut,23-01-2021,Pfizer-BioNTech,0,0,0,0,0,0,,,,,
62,Nunavut,Nunavut,23-01-2021,Moderna,4448,4448,0,11.30282316,11.30282316,0,,,,,
62,Nunavut,Nunavut,23-01-2021,Not reported,0,0,0,0,0,0,,,,,
1,Canada,Canada,30-01-2021,Pfizer-BioNTech,403301,369349,33952,1.061172147,0.971837093,0.089335054,,,,,
1,Canada,Canada,30-01-2021,Moderna,168986,162821,6165,0.44463871,0.428417262,0.016221448,,,,,
1,Canada,Canada,30-01-2021,Not reported,283586,210272,73314,0.746176093,0.553271104,0.192904989,,,,,
1,Canada,Canada,30-01-2021,Unknown,25,25,0,na,na,na,,,,,
10,Newfoundland and Labrador,Newfoundland and Labrador,30-01-2021,Pfizer-BioNTech,5792,3030,2762,1.109359647,0.580345258,0.52901439,,,,,
10,Newfoundland and Labrador,Newfoundland and Labrador,30-01-2021,Moderna,2560,2560,0,4.90E-01,0.490324706,0,,,,,
10,Newfoundland and Labrador,Newfoundland and Labrador,30-01-2021,Not reported,0,0,0,0,0,0,,,,,
11,Prince Edward Island,Prince Edward Island,30-01-2021,Pfizer-BioNTech,3843,1277,2566,2.407517619,0.8,1.607517619,,,,,
11,Prince Edward Island,Prince Edward Island,30-01-2021,Moderna,1439,1439,0,0.901487862,0.901487862,0,,,,,
11,Prince Edward Island,Prince Edward Island,30-01-2021,Not reported,0,0,0,0,0,0,,,,,
12,Nova Scotia,Nova Scotia,30-01-2021,Pfizer-BioNTech,10278,7550,2728,1.049470517,0.7709187,0.278551816,,,,,
12,Nova Scotia,Nova Scotia,30-01-2021,Moderna,1812,1811,1,0.185020488,0.18491838,0.000102108,,,,,
12,Nova Scotia,Nova Scotia,30-01-2021,Not reported,0,0,0,0,0,0,,,,,
13,New Brunswick,New Brunswick,30-01-2021,Not reported,12791,8326,4465,1.636774514,1.065419795,0.571354719,,,,,
24,Quebec,Quebec,30-01-2021,Pfizer-BioNTech,177920,177920,,2.074972614,2.074972614,,,,,,
24,Quebec,Quebec,30-01-2021,Moderna,61556,61556,,0.717890143,0.717890143,,,,,,
24,Quebec,Quebec,30-01-2021,Unknown,24,24,,0.000279897,0.000279897,,,,,,
35,Ontario,Ontario,30-01-2021,Not reported,270795,201946,68849,1.837890204,1.370610887,0.467279317,,,,,
46,Manitoba,Manitoba,30-01-2021,Pfizer-BioNTech,24058,15555,8503,1.744264872,1.127776211,0.616488661,,,,,
46,Manitoba,Manitoba,30-01-2021,Moderna,8383,8383,0,0.607788362,0.607788362,0,,,,,
46,Manitoba,Manitoba,30-01-2021,Not reported,0,0,0,0,0,0,,,,,
47,Saskatchewan,Saskatchewan,30-01-2021,Pfizer-BioNTech,18594,15522,3072,1.577526065,1.31689575,0.260630315,,,,,
47,Saskatchewan,Saskatchewan,30-01-2021,Moderna,8637,8637,0,0.732768238,0.732768238,0,,,,,
47,Saskatchewan,Saskatchewan,30-01-2021,Not reported,0,0,0,0,0,0,,,,,
48,Alberta,Alberta,30-01-2021,Pfizer-BioNTech,68171,58003,10168,1.541675976,1.311728325,0.229947651,,,,,
48,Alberta,Alberta,30-01-2021,Moderna,22066,16240,5826,0.499018968,0.367264935,0.131754034,,,,,
48,Alberta,Alberta,30-01-2021,Unknown,1,<5,0,na,na,na,,,,,
59,British Columbia,British Columbia,30-01-2021,Pfizer-BioNTech,94645,90492,4153,1.838583821,1.757907202,0.080676619,,,,,
59,British Columbia,British Columbia,30-01-2021,Moderna,37471,37251,220,7.28E-01,0.723641882,0.004273743,,,,,
59,British Columbia,British Columbia,30-01-2021,Not reported,0,0,0,na,na,na,,,,,
61,Northwest Territories,Northwest Territories,30-01-2021,Pfizer-BioNTech,0,0,0,0,0,0,,,,,
61,Northwest Territories,Northwest Territories,30-01-2021,Moderna,12240,12122,118,27.10303138,26.84174398,0.261287394,,,,,
61,Northwest Territories,Northwest Territories,30-01-2021,Not reported,0,0,0,0,0,0,,,,,
60,Yukon,Yukon,30-01-2021,Pfizer-BioNTech,0,0,0,0,0,0,,,,,
60,Yukon,Yukon,30-01-2021,Moderna,7358,7358,0,17.49738419,17.49738419,0,,,,,
60,Yukon,Yukon,30-01-2021,Not reported,0,0,0,0,0,0,,,,,
62,Nunavut,Nunavut,30-01-2021,Pfizer-BioNTech,0,0,0,0,0,0,,,,,
62,Nunavut,Nunavut,30-01-2021,Moderna,5464,5464,0,13.88458313,13.88458313,0,,,,,
62,Nunavut,Nunavut,30-01-2021,Not reported,0,0,0,0,0,0,,,,,
1,Canada,Canada,06-02-2021,Pfizer-BioNTech,439410,379033,60377,1.156182735,0.997317791,0.158864944,,,,,
1,Canada,Canada,06-02-2021,Moderna,183567,171900,11667,0.483004474,0.452306074,0.0306984,,,,,
1,Canada,Canada,06-02-2021,Not reported,277440,175696,101744,0.730004638,0.462294171,0.267710467,,,,,
1,Canada,Canada,06-02-2021,Unknown,130,130,0,na,na,na,,,,,
10,Newfoundland and Labrador,Newfoundland and Labrador,06-02-2021,Pfizer-BioNTech,6035,1967,4068,1.155902188,0.376745585,0.779156603,,,,,
10,Newfoundland and Labrador,Newfoundland and Labrador,06-02-2021,Moderna,2855,2855,0,0.546826967,0.546826967,0,,,,,
10,Newfoundland and Labrador,Newfoundland and Labrador,06-02-2021,Not reported,0,0,0,0,0,0,,,,,
11,Prince Edward Island,Prince Edward Island,06-02-2021,Pfizer-BioNTech,3864,685,3179,2.420673453,0.429130775,1.991542678,,,,,
11,Prince Edward Island,Prince Edward Island,06-02-2021,Moderna,1446,1110,336,0.90587314,0.695379796,0.210493344,,,,,
11,Prince Edward Island,Prince Edward Island,06-02-2021,Not reported,0,0,0,0,0,0,,,,,
12,Nova Scotia,Nova Scotia,06-02-2021,Pfizer-BioNTech,10741,5609,5132,1.096746723,0.572726224,0.524020499,,,,,
12,Nova Scotia,Nova Scotia,06-02-2021,Moderna,2022,2021,1,0.20646326,0.206361151,0.000102108,,,,,
12,Nova Scotia,Nova Scotia,06-02-2021,Not reported,0,0,0,0,0,0,,,,,
12,Nova Scotia,Nova Scotia,06-02-2021,Unknown,86,86,0,0.008781326,0.008781326,0,,,,,
13,New Brunswick,New Brunswick,06-02-2021,Pfizer-BioNTech,9899,5411,4488,1.266705567,0.6924077,0.574297867,,,,,
13,New Brunswick,New Brunswick,06-02-2021,Moderna,3344,2414,930,0.427908215,0.308902641,0.119005574,,,,,
13,New Brunswick,New Brunswick,06-02-2021,Not reported,0,0,0,0,0,0,,,,,
13,New Brunswick,New Brunswick,06-02-2021,Unknown,19,19,0,na,na,na,,,,,
24,Quebec,Quebec,06-02-2021,Pfizer-BioNTech,193482,193482,,2.256462743,2.256462743,,,,,,
24,Quebec,Quebec,06-02-2021,Moderna,64000,64000,,0.746393027,0.746393027,,,,,,
24,Quebec,Quebec,06-02-2021,Unknown,25,25,,0.00029156,0.00029156,,,,,,
35,Ontario,Ontario,06-02-2021,Not reported,277440,175696,101744,1.882989931,1.192451697,0.690538234,,,,,
46,Manitoba,Manitoba,06-02-2021,Pfizer-BioNTech,24227,10584,13643,1.756517792,0.76736634,0.989151453,,,,,
46,Manitoba,Manitoba,06-02-2021,Moderna,9414,9414,0,0.682538428,0.682538428,0,,,,,
46,Manitoba,Manitoba,06-02-2021,Not reported,0,0,0,0,0,0,,,,,
47,Saskatchewan,Saskatchewan,06-02-2021,Pfizer-BioNTech,19985,14676,5309,1.695539336,1.245120605,0.450418731,,,,,
47,Saskatchewan,Saskatchewan,06-02-2021,Moderna,9792,9694,98,0.830759128,0.82244475,0.008314379,,,,,
47,Saskatchewan,Saskatchewan,06-02-2021,Not reported,0,0,0,0,0,0,,,,,
48,Alberta,Alberta,06-02-2021,Pfizer-BioNTech,68264,55493,12771,1.543779156,1.254965087,0.288814069,,,,,
48,Alberta,Alberta,06-02-2021,Moderna,22404,13496,8908,0.506662783,0.305209825,0.201452958,,,,,
48,Alberta,Alberta,06-02-2021,Unknown,0,0,0,na,na,na,,,,,
48,Alberta,Alberta,06-02-2021,Not reported,0,0,0,0,0,0,,,,,
59,British Columbia,British Columbia,06-02-2021,Pfizer-BioNTech,102913,91126,11787,1.999198867,1.770223354,0.228975514,,,,,
59,British Columbia,British Columbia,06-02-2021,Moderna,39161,38833,328,0.760745745,0.754373982,0.006371763,,,,,
59,British Columbia,British Columbia,06-02-2021,Not reported,0,0,0,0,0,0,,,,,
61,Northwest Territories,Northwest Territories,06-02-2021,Pfizer-BioNTech,0,0,0,0,0,0,,,,,
61,Northwest Territories,Northwest Territories,06-02-2021,Moderna,12832,12533,299,28.41389695,27.75182126,0.662075685,,,,,
61,Northwest Territories,Northwest Territories,06-02-2021,Not reported,0,0,0,0,0,0,,,,,
60,Yukon,Yukon,06-02-2021,Pfizer-BioNTech,0,0,0,0,0,0,,,,,
60,Yukon,Yukon,06-02-2021,Moderna,10447,9968,479,24.84305146,23.70398554,1.139065918,,,,,
60,Yukon,Yukon,06-02-2021,Not reported,0,0,0,0,0,0,,,,,
62,Nunavut,Nunavut,06-02-2021,Pfizer-BioNTech,0,0,0,0,0,0,,,,,
62,Nunavut,Nunavut,06-02-2021,Moderna,5850,5562,288,14.86544863,14.13361116,0.731837471,,,,,
62,Nunavut,Nunavut,06-02-2021,Not reported,0,0,0,0,0,0,,,,,
1,Canada,Canada,13-02-2021,Pfizer-BioNTech,468945,363142,105803,1.233895707,0.955505133,0.278390573,,,,,
1,Canada,Canada,13-02-2021,Moderna,210238,183473,26765,0.553181643,0.48275714,0.070424503,,,,,
1,Canada,Canada,13-02-2021,Unknown,235,233,2,na,na,na,,,,,
1,Canada,Canada,13-02-2021,Not reported,292983,118340,174643,0.770901632,0.311378132,0.4595235,,,,,
10,Newfoundland and Labrador,Newfoundland and Labrador,13-02-2021,Pfizer-BioNTech,7010,1634,5376,1.342646949,0.312965066,1.029681883,,,,,
10,Newfoundland and Labrador,Newfoundland and Labrador,13-02-2021,Moderna,2782,2709,73,0.532845052,0.518863136,0.013981915,,,,,
10,Newfoundland and Labrador,Newfoundland and Labrador,13-02-2021,Unknown,0,0,0,na,na,na,,,,,
11,Prince Edward Island,Prince Edward Island,13-02-2021,Pfizer-BioNTech,4234,450,3784,2.652466719,0.281910728,2.370555991,,,,,
11,Prince Edward Island,Prince Edward Island,13-02-2021,Moderna,1476,360,1116,0.924667189,0.225528583,0.699138606,,,,,
11,Prince Edward Island,Prince Edward Island,13-02-2021,Not reported,0,0,0,na,na,na,,,,,
12,Nova Scotia,Nova Scotia,13-02-2021,Pfizer-BioNTech,11901,4570,7331,1.21519251,0.466635558,0.748556953,,,,,
12,Nova Scotia,Nova Scotia,13-02-2021,Moderna,2655,1947,708,0.271097901,0.198805127,0.072292773,,,,,
12,Nova Scotia,Nova Scotia,13-02-2021,Unknown,171,171,0,na,na,na,,,,,
13,New Brunswick,New Brunswick,13-02-2021,Pfizer-BioNTech,10037,3478,6559,1.284364459,0.445055254,0.839309205,,,,,
13,New Brunswick,New Brunswick,13-02-2021,Moderna,3614,2670,944,0.46245822,0.341661164,0.120797056,,,,,
13,New Brunswick,New Brunswick,13-02-2021,Unknown,25,>20,<5,na,na,na,,,,,
24,Quebec,Quebec,13-02-2021,Pfizer-BioNTech,211740,211740,,2.469394679,2.469394679,,,,,,
24,Quebec,Quebec,13-02-2021,Moderna,81966,81966,,0.955919544,0.955919544,,,,,,
24,Quebec,Quebec,13-02-2021,Unknown,39,39,,na,na,,,,,,
35,Ontario,Ontario,13-02-2021,Not reported,292983,118340,174643,1.988480532,0.803175564,1.185304968,,,,,
46,Manitoba,Manitoba,13-02-2021,Pfizer-BioNTech,24309,4315,19994,1.762462997,0.312848239,1.449614758,,,,,
46,Manitoba,Manitoba,13-02-2021,Moderna,10539,10127,412,0.764103728,0.734232703,0.029871025,,,,,
46,Manitoba,Manitoba,13-02-2021,Unknown,0,0,0,na,na,na,,,,,
47,Saskatchewan,Saskatchewan,13-02-2021,Pfizer-BioNTech,21813,14154,7659,1.850627948,1.200833813,0.649794134,,,,,
47,Saskatchewan,Saskatchewan,13-02-2021,Moderna,11076,9188,1888,0.939694455,0.779430567,0.160263888,,,,,
47,Saskatchewan,Saskatchewan,13-02-2021,Unknown,0,0,0,na,na,na,,,,,
48,Alberta,Alberta,13-02-2021,Pfizer-BioNTech,70909,35695,35214,1.603595397,0.807236567,0.796358831,,,,,
48,Alberta,Alberta,13-02-2021,Moderna,24087,8619,15468,0.544723552,0.19491727,0.349806281,,,,,
48,Alberta,Alberta,13-02-2021,Unknown,0,0,0,na,na,na,,,,,
59,British Columbia,British Columbia,13-02-2021,Pfizer-BioNTech,106993,87102,19891,2.078457381,1.692052702,0.386404678,,,,,
59,British Columbia,British Columbia,13-02-2021,Moderna,41445,38869,2576,0.805114971,0.755073322,0.05004165,,,,,
59,British Columbia,British Columbia,13-02-2021,Unknown,0,0,0,na,na,na,,,,,
61,Northwest Territories,Northwest Territories,13-02-2021,Pfizer-BioNTech,0,0,0,0,0,0,,,,,
61,Northwest Territories,Northwest Territories,13-02-2021,Moderna,13578,12999,579,30.06576471,28.78368504,1.282079671,,,,,
61,Northwest Territories,Northwest Territories,13-02-2021,Unknown,0,0,0,na,na,na,,,,,
60,Yukon,Yukon,13-02-2021,Pfizer-BioNTech,0,0,0,0,0,0,,,,,
60,Yukon,Yukon,13-02-2021,Moderna,10524,9657,867,25.02615809,22.964425,2.061733092,,,,,
60,Yukon,Yukon,13-02-2021,Unknown,0,0,0,na,na,na,,,,,
62,Nunavut,Nunavut,13-02-2021,Pfizer-BioNTech,0,0,0,0,0,0,,,,,
62,Nunavut,Nunavut,13-02-2021,Moderna,6501,4367,2134,16.51970625,11.09699388,5.422712373,,,,,
62,Nunavut,Nunavut,13-02-2021,Unknown,0,0,0,na,na,na,,,,,
1,Canada,Canada,20-02-2021,Pfizer-BioNTech,782824,439159,343666,2.059795021,1.155522299,0.904272722,,,,,
1,Canada,Canada,20-02-2021,Moderna,302952,211523,91424,0.797137489,0.556562756,0.240574733,,,,,
1,Canada,Canada,20-02-2021,Unknown,249,247,2,0.000655173,0.00064991,5.26E-06,,,,,
1,Canada,Canada,20-02-2021,Not reported,0,0,0,0,0,0,,,,,
10,Newfoundland and Labrador,Newfoundland and Labrador,20-02-2021,Pfizer-BioNTech,7289,1889,5400,1.396084681,0.361806004,1.034278677,,,,,
10,Newfoundland and Labrador,Newfoundland and Labrador,20-02-2021,Moderna,3147,2435,712,0.602754629,0.46638307,0.136371559,,,,,
10,Newfoundland and Labrador,Newfoundland and Labrador,20-02-2021,Unknown,0,0,0,0,0,0,,,,,
11,Prince Edward Island,Prince Edward Island,20-02-2021,Pfizer-BioNTech,4975,1185,3790,3.117306186,0.742364918,2.374941269,,,,,
11,Prince Edward Island,Prince Edward Island,20-02-2021,Moderna,1491,119,1372,0.934064213,0.074549726,0.859514487,,,,,
11,Prince Edward Island,Prince Edward Island,20-02-2021,Not reported,0,0,0,0.00E+00,0,0,,,,,
12,Nova Scotia,Nova Scotia,20-02-2021,Pfizer-BioNTech,12089,4572,7517,1.234388896,0.466839775,0.767549122,,,,,
12,Nova Scotia,Nova Scotia,20-02-2021,Moderna,2655,1947,708,0.271097901,0.198805127,0.072292773,,,,,
12,Nova Scotia,Nova Scotia,20-02-2021,Unknown,171,171,0,0.017460543,0.017460543,0,,,,,
13,New Brunswick,New Brunswick,20-02-2021,Pfizer-BioNTech,11142,1878,9263,1.425763555,0.240314482,1.185449073,,,,,
13,New Brunswick,New Brunswick,20-02-2021,Moderna,4115,2346,1770,0.526695637,0.300201158,0.22649448,,,,,
13,New Brunswick,New Brunswick,20-02-2021,Unknown,25,>20,<5,0.003199075,0.002943149,<0.1,,,,,
24,Quebec,Quebec,20-02-2021,Pfizer-BioNTech,255698,255698,,2.982061726,2.982061726,,,,,,
24,Quebec,Quebec,20-02-2021,Moderna,90239,90239,,1.052414167,1.052414167,,,,,,
24,Quebec,Quebec,20-02-2021,Unknown,53,53,,0.000618107,0.000618107,,,,,,
35,Ontario,Ontario,20-02-2021,Pfizer-BioNTech,240775,51437,189340,1.634157535,0.349103781,1.285053754,,,,,
35,Ontario,Ontario,20-02-2021,Moderna,79138,33425,45713,0.537110933,0.226856035,0.310254897,,,,,
35,Ontario,Ontario,20-02-2021,Unknown,0,0,0,0,0,0,,,,,
46,Manitoba,Manitoba,20-02-2021,Pfizer-BioNTech,25284,2973,22311,1.833152923,0.215549899,1.617603024,,,,,
46,Manitoba,Manitoba,20-02-2021,Moderna,10995,8109,2886,0.797164863,0.58792268,0.209242182,,,,,
46,Manitoba,Manitoba,20-02-2021,Unknown,0,0,0,0,0,0,,,,,
47,Saskatchewan,Saskatchewan,20-02-2021,Pfizer-BioNTech,26175,13587,12587,2.220872314,1.152729195,1.068143119,,,,,
47,Saskatchewan,Saskatchewan,20-02-2021,Moderna,11610,8227,3379,0.984999334,0.697983594,0.28701574,,,,,
47,Saskatchewan,Saskatchewan,20-02-2021,Unknown,0,0,0,0,0,0,,,,,
48,Alberta,Alberta,20-02-2021,Pfizer-BioNTech,78254,29359,48895,1.769701367,0.663948966,1.1057524,,,,,
48,Alberta,Alberta,20-02-2021,Moderna,24982,7689,17293,0.56496383,0.173885473,0.391078357,,,,,
48,Alberta,Alberta,20-02-2021,Unknown,0,0,0,0,0,0,,,,,
59,British Columbia,British Columbia,20-02-2021,Pfizer-BioNTech,121143,76580,44563,2.353336783,1.487651213,0.865685571,,,,,
59,British Columbia,British Columbia,20-02-2021,Moderna,42470,32010,10460,0.82502673,0.621829659,0.203197071,,,,,
59,British Columbia,British Columbia,20-02-2021,Unknown,0,0,0,0,0,0,,,,,
61,Northwest Territories,Northwest Territories,20-02-2021,Pfizer-BioNTech,0,0,0,0,0,0,,,,,
61,Northwest Territories,Northwest Territories,20-02-2021,Moderna,14520,12586,1934,32.15163526,27.86917916,4.282456102,,,,,
61,Northwest Territories,Northwest Territories,20-02-2021,Unknown,0,0,0,0,0,0,,,,,
60,Yukon,Yukon,20-02-2021,Pfizer-BioNTech,0,0,0,0,0,0,,,,,
60,Yukon,Yukon,20-02-2021,Moderna,10613,9523,1090,25.23780082,22.6457719,2.592028917,,,,,
60,Yukon,Yukon,20-02-2021,Unknown,0,0,0,0,0,0,,,,,
62,Nunavut,Nunavut,20-02-2021,Pfizer-BioNTech,0,0,0,0,0,0,,,,,
62,Nunavut,Nunavut,20-02-2021,Moderna,6977,2867,4107,17.72927096,7.285340381,10.44393058,,,,,
62,Nunavut,Nunavut,20-02-2021,Unknown,0,0,0,0,0,0,,,,,
1,Canada,Canada,27-02-2021,Pfizer-BioNTech,1065060,648712,416348,2.802403185,1.706901559,1.095501625,,,,,
1,Canada,Canada,27-02-2021,Moderna,314825,192992,121833,0.828372657,0.507803687,0.32056897,,,,,
1,Canada,Canada,27-02-2021,Unknown,178,174,4,0.000468356,0.000457832,1.05E-05,,,,,
1,Canada,Canada,27-02-2021,Not reported,0,0,0,0,0,0,,,,,
10,Newfoundland and Labrador,Newfoundland and Labrador,27-02-2021,Pfizer-BioNTech,12186,6534,5652,2.334022214,1.251477199,1.082545015,,,,,
10,Newfoundland and Labrador,Newfoundland and Labrador,27-02-2021,Moderna,3845,1285,2560,0.736444725,0.246120018,0.490324706,,,,,
10,Newfoundland and Labrador,Newfoundland and Labrador,27-02-2021,Unknown,0,0,0,0,0,0,,,,,
11,Prince Edward Island,Prince Edward Island,27-02-2021,Pfizer-BioNTech,5852,2060,3792,3.666092404,1.290524667,2.375567737,,,,,
11,Prince Edward Island,Prince Edward Island,27-02-2021,Moderna,1524,99,1425,0.954737666,0.06202036,0.892717306,,,,,
11,Prince Edward Island,Prince Edward Island,27-02-2021,Not reported,0,0,0,0,0,0,,,,,
12,Nova Scotia,Nova Scotia,27-02-2021,Pfizer-BioNTech,16373,5715,10658,1.671821441,0.583549718,1.088271723,,,,,
12,Nova Scotia,Nova Scotia,27-02-2021,Moderna,3343,1384,1959,0.341348505,0.141318077,0.200030428,,,,,
12,Nova Scotia,Nova Scotia,27-02-2021,Unknown,18,17,1,0.001837952,0.001735843,0.000102108,,,,,
13,New Brunswick,New Brunswick,27-02-2021,Pfizer-BioNTech,17152,7327,9825,2.194821082,0.937584775,1.257236307,,,,,
13,New Brunswick,New Brunswick,27-02-2021,Moderna,4515,2201,2314,0.577752868,0.281646525,0.296106342,,,,,
13,New Brunswick,New Brunswick,27-02-2021,Unknown,33,29,<5,0.004222778,0.003710927,<0.1,,,,,
24,Quebec,Quebec,27-02-2021,Pfizer-BioNTech,339413,339413,,3.95836713,3.95836713,,,,,,
24,Quebec,Quebec,27-02-2021,Moderna,92215,92215,,1.07544739,1.07544739,,,,,,
24,Quebec,Quebec,27-02-2021,Unknown,122,122,,0.001422812,0.001422812,,,,,,
35,Ontario,Ontario,27-02-2021,Pfizer-BioNTech,342223,133084,209139,2.322673238,0.903243339,1.419429899,,,,,
35,Ontario,Ontario,27-02-2021,Moderna,82939,30155,52784,0.562908383,0.20466249,0.358245893,,,,,
35,Ontario,Ontario,27-02-2021,Unknown,0,0,0,0,0,0,,,,,
46,Manitoba,Manitoba,27-02-2021,Pfizer-BioNTech,35062,11117,23945,2.542082257,0.806010166,1.736072091,,,,,
46,Manitoba,Manitoba,27-02-2021,Moderna,11589,6558,5031,0.840231341,0.475471321,0.36476002,,,,,
46,Manitoba,Manitoba,27-02-2021,Unknown,0,0,0,0,0,0,,,,,
47,Saskatchewan,Saskatchewan,27-02-2021,Pfizer-BioNTech,34185,16757,17428,2.900275817,1.421673888,1.478601929,,,,,
47,Saskatchewan,Saskatchewan,27-02-2021,Moderna,12115,6079,6036,1.027843836,0.515745991,0.512097845,,,,,
47,Saskatchewan,Saskatchewan,27-02-2021,Unknown,0,0,0,0,0,0,,,,,
48,Alberta,Alberta,27-02-2021,Pfizer-BioNTech,114016,47154,66862,2.578453127,1.066379971,1.512073156,,,,,
48,Alberta,Alberta,27-02-2021,Moderna,25945,5400,20545,0.586741917,0.122120114,0.464621803,,,,,
48,Alberta,Alberta,27-02-2021,Unknown,0,0,0,0,0,0,,,,,
59,British Columbia,British Columbia,27-02-2021,Pfizer-BioNTech,148598,79551,69047,2.886680529,1.545366174,1.341314355,,,,,
59,British Columbia,British Columbia,27-02-2021,Moderna,43217,28479,14738,0.839538032,0.553236078,0.286301953,,,,,
59,British Columbia,British Columbia,27-02-2021,Unknown,5,5,0,9.71E-05,9.71E-05,0,,,,,
61,Northwest Territories,Northwest Territories,27-02-2021,Pfizer-BioNTech,0,0,0,0,0,0,,,,,
61,Northwest Territories,Northwest Territories,27-02-2021,Moderna,15217,10659,4558,33.69500233,23.60222316,10.09277917,,,,,
61,Northwest Territories,Northwest Territories,27-02-2021,Unknown,0,0,0,0,0,0,,,,,
60,Yukon,Yukon,27-02-2021,Pfizer-BioNTech,0,0,0,0,0,0,,,,,
60,Yukon,Yukon,27-02-2021,Moderna,10959,6157,4802,26.06059165,14.64139637,11.41919528,,,,,
60,Yukon,Yukon,27-02-2021,Unknown,0,0,0,0,0,0,,,,,
62,Nunavut,Nunavut,27-02-2021,Pfizer-BioNTech,0,0,0,0,0,0,,,,,
62,Nunavut,Nunavut,27-02-2021,Moderna,7402,2321,5081,18.80923945,5.897898508,12.91134094,,,,,
62,Nunavut,Nunavut,27-02-2021,Unknown,0,0,0,0,0,0,,,,,
1,Canada,Canada,06-03-2021,Pfizer-BioNTech,1554315,1128610,425705,4.089738893,2.969616978,1.120121916,,,,,
1,Canada,Canada,06-03-2021,Moderna,385750,237889,147861,1.01499167,0.625937404,0.389054267,,,,,
1,Canada,Canada,06-03-2021,Unknown,183,178,5,0.000481513,0.000468356,1.32E-05,,,,,
1,Canada,Canada,06-03-2021,Not reported,0,0,0,0,0,0,,,,,
10,Newfoundland and Labrador,Newfoundland and Labrador,06-03-2021,Pfizer-BioNTech,16563,10037,6526,3.172362541,1.922417607,1.249944934,,,,,
10,Newfoundland and Labrador,Newfoundland and Labrador,06-03-2021,Moderna,4088,1478,2610,0.782987265,0.283085905,0.49990136,,,,,
10,Newfoundland and Labrador,Newfoundland and Labrador,06-03-2021,Unknown,0,0,0,0,0,0,,,,,
11,Prince Edward Island,Prince Edward Island,06-03-2021,Pfizer-BioNTech,6839,2753,4086,4.284416601,1.724667189,2.559749413,,,,,
11,Prince Edward Island,Prince Edward Island,06-03-2021,Moderna,1832,406,1426,1.147689898,0.254346124,0.893343774,,,,,
11,Prince Edward Island,Prince Edward Island,06-03-2021,Not reported,0,0,0,0,0,0,,,,,
12,Nova Scotia,Nova Scotia,06-03-2021,Pfizer-BioNTech,20752,8807,11945,2.118954287,0.899269006,1.219685281,,,,,
12,Nova Scotia,Nova Scotia,06-03-2021,Moderna,4222,1735,2487,0.431101822,0.177158138,0.253943683,,,,,
12,Nova Scotia,Nova Scotia,06-03-2021,Unknown,37,36,1,0.003778012,0.003675904,0.000102108,,,,,
13,New Brunswick,New Brunswick,06-03-2021,Pfizer-BioNTech,21216,11385,9831,2.714862645,1.45685856,1.258004085,,,,,
13,New Brunswick,New Brunswick,06-03-2021,Moderna,5078,2760,2318,0.649796027,0.353177833,0.296618194,,,,,
13,New Brunswick,New Brunswick,06-03-2021,Unknown,37,33,<5,0.00473463,0.004222778,<0.1,,,,,
24,Quebec,Quebec,06-03-2021,Pfizer-BioNTech,431369,431369,,5.03079396,5.03079396,,,,,,
24,Quebec,Quebec,06-03-2021,Moderna,116569,116569,,1.359473261,1.359473261,,,,,,
24,Quebec,Quebec,06-03-2021,Unknown,103,103,,0.001201226,0.001201226,,,,,,
35,Ontario,Ontario,06-03-2021,Pfizer-BioNTech,527136,316163,210973,3.577680868,2.145803581,1.431877287,,,,,
35,Ontario,Ontario,06-03-2021,Moderna,92179,31320,60859,0.625620418,0.212569365,0.413051053,,,,,
35,Ontario,Ontario,06-03-2021,Unknown,0,0,0,0,0,0,,,,,
46,Manitoba,Manitoba,06-03-2021,Pfizer-BioNTech,46505,22504,24001,3.371728235,1.631596005,1.74013223,,,,,
46,Manitoba,Manitoba,06-03-2021,Moderna,12895,6534,6361,0.934919591,0.473731261,0.46118833,,,,,
46,Manitoba,Manitoba,06-03-2021,Unknown,0,0,0,0,0,0,,,,,
47,Saskatchewan,Saskatchewan,06-03-2021,Pfizer-BioNTech,44249,25181,19068,3.754111587,2.136371079,1.617740508,,,,,
47,Saskatchewan,Saskatchewan,06-03-2021,Moderna,12264,3950,8314,1.040485085,0.335120359,0.705364725,,,,,
47,Saskatchewan,Saskatchewan,06-03-2021,Unknown,0,0,0,0,0,0,,,,,
48,Alberta,Alberta,06-03-2021,Pfizer-BioNTech,175085,105849,69236,3.959518539,2.393757763,1.565760777,,,,,
48,Alberta,Alberta,06-03-2021,Moderna,27155,5772,21383,0.614105868,0.130532833,0.483573036,,,,,
48,Alberta,Alberta,06-03-2021,Unknown,0,0,0,0,0,0,,,,,
59,British Columbia,British Columbia,06-03-2021,Pfizer-BioNTech,264601,194562,70039,5.140167127,3.779582075,1.360585052,,,,,
59,British Columbia,British Columbia,06-03-2021,Moderna,68648,51745,16903,1.333563338,1.005203865,0.328359473,,,,,
59,British Columbia,British Columbia,06-03-2021,Unknown,6,5,1,0.000116557,9.71E-05,1.94E-05,,,,,
61,Northwest Territories,Northwest Territories,06-03-2021,Pfizer-BioNTech,0,0,0,0,0,0,,,,,
61,Northwest Territories,Northwest Territories,06-03-2021,Moderna,17056,5907,11149,37.76709993,13.0798698,24.68723013,,,,,
61,Northwest Territories,Northwest Territories,06-03-2021,Unknown,0,0,0,0,0,0,,,,,
60,Yukon,Yukon,06-03-2021,Pfizer-BioNTech,0,0,0,0,0,0,,,,,
60,Yukon,Yukon,06-03-2021,Moderna,14565,5972,8593,34.63568915,14.20146485,20.43422429,,,,,
60,Yukon,Yukon,06-03-2021,Unknown,0,0,0,0,0,0,,,,,
62,Nunavut,Nunavut,06-03-2021,Pfizer-BioNTech,0,0,0,0,0,0,,,,,
62,Nunavut,Nunavut,06-03-2021,Moderna,9199,3741,5458,23.37560034,9.506263817,13.86933652,,,,,
62,Nunavut,Nunavut,06-03-2021,Unknown,0,0,0,0,0,0,,,,,
1,Canada,Canada,13-03-2021,Pfizer-BioNTech,2076950,1644599,432351,5.464904601,4.327295622,1.137608979,,,,,
1,Canada,Canada,13-03-2021,Moderna,432627,267277,165350,1.138335195,0.703263587,0.435071608,,,,,
1,Canada,Canada,13-03-2021,COVISHIELD,75905,75905,0,0.19972247,0.19972247,0,,,,,
1,Canada,Canada,13-03-2021,Unknown,190,185,5,5.00E-04,0.000486775,1.32E-05,,,,,
1,Canada,Canada,13-03-2021,Not reported,0,0,0,0,0,0,,,,,
10,Newfoundland and Labrador,Newfoundland and Labrador,13-03-2021,Pfizer-BioNTech,22590,15976,6614,4.326732465,3.059932619,1.266799846,,,,,
10,Newfoundland and Labrador,Newfoundland and Labrador,13-03-2021,Moderna,4433,1805,2628,0.84906618,0.345717224,0.503348956,,,,,
10,Newfoundland and Labrador,Newfoundland and Labrador,13-03-2021,COVISHIELD,0,0,0,0,0,0,,,,,
10,Newfoundland and Labrador,Newfoundland and Labrador,13-03-2021,Unknown,0,0,0,0,0,0,,,,,
11,Prince Edward Island,Prince Edward Island,13-03-2021,Pfizer-BioNTech,8310,4152,4158,5.205951449,2.601096319,2.604855129,,,,,
11,Prince Edward Island,Prince Edward Island,13-03-2021,Moderna,2083,640,1443,1.304933438,0.400939702,0.903993735,,,,,
11,Prince Edward Island,Prince Edward Island,13-03-2021,COVISHIELD,0,0,0,0,0,0,,,,,
11,Prince Edward Island,Prince Edward Island,13-03-2021,Not reported,0,0,0,0,0,0,,,,,
12,Nova Scotia,Nova Scotia,13-03-2021,Pfizer-BioNTech,26439,13709,12730,2.699644969,1.399804564,1.299840405,,,,,
12,Nova Scotia,Nova Scotia,13-03-2021,Moderna,5487,2105,3382,0.560268994,0.21493826,0.345330734,,,,,
12,Nova Scotia,Nova Scotia,13-03-2021,COVISHIELD,0,0,0,0,0,0,,,,,
12,Nova Scotia,Nova Scotia,13-03-2021,Unknown,38,37,1,0.003880121,0.003778012,0.000102108,,,,,
13,New Brunswick,New Brunswick,13-03-2021,Pfizer-BioNTech,34030,24187,9843,4.354580307,3.095040667,1.25953964,,,,,
13,New Brunswick,New Brunswick,13-03-2021,Moderna,5120,2801,2319,0.655170472,0.358424315,0.296746157,,,,,
13,New Brunswick,New Brunswick,13-03-2021,COVISHIELD,0,0,0,0,0,0,,,,,
13,New Brunswick,New Brunswick,13-03-2021,Unknown,38,>33,<5,0.004862593,>0.0042,<0.1,,,,,
24,Quebec,Quebec,13-03-2021,Pfizer-BioNTech,564991,564991,,6.589145976,6.589145976,,,,,,
24,Quebec,Quebec,13-03-2021,Moderna,126957,126957,,1.480622179,1.480622179,,,,,,
24,Quebec,Quebec,13-03-2021,COVISHIELD,21984,21984,,0.256386005,0.256386005,,,,,,
24,Quebec,Quebec,13-03-2021,Unknown,107,107,,0.001247876,0.001247876,,,,,,
35,Ontario,Ontario,13-03-2021,Pfizer-BioNTech,740956,526325,214631,5.028880792,3.572176598,1.456704195,,,,,
35,Ontario,Ontario,13-03-2021,Moderna,105681,34645,71036,0.717258718,0.235136196,0.482122523,,,,,
35,Ontario,Ontario,13-03-2021,COVISHIELD,28300,28300,0,0.192072574,0.192072574,0,,,,,
35,Ontario,Ontario,13-03-2021,Unknown,0,0,0,0,0,0,,,,,
46,Manitoba,Manitoba,13-03-2021,Pfizer-BioNTech,58504,33624,24880,4.241685596,2.437823678,1.803861918,,,,,
46,Manitoba,Manitoba,13-03-2021,Moderna,13584,5333,8251,0.984873806,0.386655772,0.598218034,,,,,
46,Manitoba,Manitoba,13-03-2021,COVISHIELD,194,194,0,0.014065483,0.014065483,0,,,,,
46,Manitoba,Manitoba,13-03-2021,Unknown,0,0,0,0,0,0,,,,,
47,Saskatchewan,Saskatchewan,13-03-2021,Pfizer-BioNTech,57366,37496,19870,4.866965701,3.181183034,1.685782667,,,,,
47,Saskatchewan,Saskatchewan,13-03-2021,Moderna,12289,3793,8496,1.0426061,0.321800385,0.720805714,,,,,
47,Saskatchewan,Saskatchewan,13-03-2021,COVISHIELD,0,0,0,0,0,0,,,,,
47,Saskatchewan,Saskatchewan,13-03-2021,Unknown,0,0,0,0,0,0,,,,,
48,Alberta,Alberta,13-03-2021,Pfizer-BioNTech,231712,162188,69524,5.24012885,3.667855001,1.572273849,,,,,
48,Alberta,Alberta,13-03-2021,Moderna,30882,8866,22016,0.698391361,0.200503135,0.497888227,,,,,
48,Alberta,Alberta,13-03-2021,COVISHIELD,25427,25427,0,0.575027432,0.575027432,0,,,,,
48,Alberta,Alberta,13-03-2021,Unknown,0,0,0,0,0,0,,,,,
59,British Columbia,British Columbia,13-03-2021,Pfizer-BioNTech,332052,261951,70101,6.450477416,5.088687945,1.361789471,,,,,
59,British Columbia,British Columbia,13-03-2021,Moderna,76974,59982,16992,1.495305099,1.165216702,0.330088397,,,,,
59,British Columbia,British Columbia,13-03-2021,COVISHIELD,0,0,0,0,0,0,,,,,
59,British Columbia,British Columbia,13-03-2021,Unknown,7,6,1,1.36E-04,0.000116557,1.94E-05,,,,,
61,Northwest Territories,Northwest Territories,13-03-2021,Pfizer-BioNTech,0,0,0,0,0,0,,,,,
61,Northwest Territories,Northwest Territories,13-03-2021,Moderna,19680,7293,12387,43.577423,16.14888953,27.42853347,,,,,
61,Northwest Territories,Northwest Territories,13-03-2021,COVISHIELD,0,0,0,0,0,0,,,,,
61,Northwest Territories,Northwest Territories,13-03-2021,Unknown,0,0,0,0,0,0,,,,,
60,Yukon,Yukon,13-03-2021,Pfizer-BioNTech,0,0,0,0,0,0,,,,,
60,Yukon,Yukon,13-03-2021,Moderna,19181,8819,10362,45.61257491,20.97165414,24.64092076,,,,,
60,Yukon,Yukon,13-03-2021,COVISHIELD,0,0,0,0,0,0,,,,,
60,Yukon,Yukon,13-03-2021,Unknown,0,0,0,0,0,0,,,,,
62,Nunavut,Nunavut,13-03-2021,Pfizer-BioNTech,0,0,0,0,0,0,,,,,
62,Nunavut,Nunavut,13-03-2021,Moderna,10276,4238,6038,26.11236755,10.76919168,15.34317587,,,,,
62,Nunavut,Nunavut,13-03-2021,COVISHIELD,0,0,0,0,0,0,,,,,
62,Nunavut,Nunavut,13-03-2021,Unknown,0,0,0,0,0,0,,,,,
